INSERT INTO users (id, username, password, email, role, first_name, last_name, activation_code, enabled, created_at, updated_at) VALUES
('1', 'user2', 'nQRw9l7IN/9SVtsFv/alf2bNVJHvJmprBOA14iNp8WI=', 'mojemah362@adosnan.com', 'USER', 'Anya', 'Tucha', NULL, '1', '2024-10-20 19:54:50', '2024-10-20 19:54:50'),
('2', 'N0Pr0blem', 'nQRw9l7IN/9SVtsFv/alf2bNVJHvJmprBOA14iNp8WI=', 'megga4809@gmail.com', 'ADMIN', 'Konstantin', 'BoBkov', NULL, '1', '2024-10-20 19:55:49', '2024-10-20 19:55:49'),
('3', 'Kik_of', 'nQRw9l7IN/9SVtsFv/alf2bNVJHvJmprBOA14iNp8WI=', 'popec55163@angewy.com', 'USER', 'Petya', 'Genich', NULL, '1', '2024-10-20 20:12:30', '2024-10-20 20:12:30'),
('4', 'qumico', 'nQRw9l7IN/9SVtsFv/alf2bNVJHvJmprBOA14iNp8WI=', '30katya2003@gmail.com', 'USER', 'Katya', 'Batkovna', NULL, '1', '2024-10-21 22:45:51', '2024-10-21 22:45:51'),
('5', 'green_fish', 'nQRw9l7IN/9SVtsFv/alf2bNVJHvJmprBOA14iNp8WI=', 'oceanic293@finmail.com', 'USER', 'Lina', 'Green', NULL, '1', '2024-10-21 23:01:35', '2024-10-21 23:01:35'),
('6', 'john_doe', 'nQRw9l7IN/9SVtsFv/alf2bNVJHvJmprBOA14iNp8WI=', 'john123@fakeemail.com', 'USER', 'John', 'Doe', NULL, '1', '2024-10-22 09:14:22', '2024-10-22 09:14:22'),
('7', 'sunshine', 'nQRw9l7IN/9SVtsFv/alf2bNVJHvJmprBOA14iNp8WI=', 'sunshiny4532@mail.com', 'USER', 'Sunny', 'Ray', NULL, '1', '2024-10-22 11:22:15', '2024-10-22 11:22:15'),
('8', 'bigboss', 'nQRw9l7IN/9SVtsFv/alf2bNVJHvJmprBOA14iNp8WI=', 'bossman254@corp.com', 'ADMIN', 'Tony', 'Stark', NULL, '1', '2024-10-22 12:45:30', '2024-10-22 12:45:30'),
('9', 'craftymouse', 'nQRw9l7IN/9SVtsFv/alf2bNVJHvJmprBOA14iNp8WI=', 'crafty.mouse@mail.com', 'USER', 'Mickey', 'Mouse', NULL, '1', '2024-10-22 13:15:55', '2024-10-22 13:15:55'),
('10', 'speedrunner', 'nQRw9l7IN/9SVtsFv/alf2bNVJHvJmprBOA14iNp8WI=', 'runfast@mail.com', 'USER', 'Usain', 'Bolt', NULL, '1', '2024-10-22 14:45:30', '2024-10-22 14:45:30'),
('11', 'highflyer', 'nQRw9l7IN/9SVtsFv/alf2bNVJHvJmprBOA14iNp8WI=', 'skyhigh@mail.com', 'USER', 'Amelia', 'Earhart', NULL, '1', '2024-10-22 15:32:50', '2024-10-22 15:32:50'),
('12', 'ironchef', 'nQRw9l7IN/9SVtsFv/alf2bNVJHvJmprBOA14iNp8WI=', 'kitchenmaster@mail.com', 'USER', 'Gordon', 'Ramsay', NULL, '1', '2024-10-22 16:45:10', '2024-10-22 16:45:10'),
('13', 'cosmos', 'nQRw9l7IN/9SVtsFv/alf2bNVJHvJmprBOA14iNp8WI=', 'outerspace@mail.com', 'ADMIN', 'Neil', 'Armstrong', NULL, '1', '2024-10-22 18:05:20', '2024-10-22 18:05:20'),
('14', 'artlover', 'nQRw9l7IN/9SVtsFv/alf2bNVJHvJmprBOA14iNp8WI=', 'monalisa@mail.com', 'USER', 'Leonardo', 'DaVinci', NULL, '1', '2024-10-22 18:50:33', '2024-10-22 18:50:33'),
('15', 'naturegirl', 'nQRw9l7IN/9SVtsFv/alf2bNVJHvJmprBOA14iNp8WI=', 'flowers4u@mail.com', 'USER', 'Daisy', 'Bloom', NULL, '1', '2024-10-22 19:14:50', '2024-10-22 19:14:50'),
('16', 'rocketman', 'nQRw9l7IN/9SVtsFv/alf2bNVJHvJmprBOA14iNp8WI=', 'spacetravel@mail.com', 'USER', 'Elon', 'Musk', NULL, '1', '2024-10-22 19:56:20', '2024-10-22 19:56:20'),
('17', 'natureguy', 'nQRw9l7IN/9SVtsFv/alf2bNVJHvJmprBOA14iNp8WI=', 'earthlover@mail.com', 'USER', 'Adam', 'Woods', NULL, '1', '2024-10-22 20:21:15', '2024-10-22 20:21:15'),
('18', 'techmaster', 'nQRw9l7IN/9SVtsFv/alf2bNVJHvJmprBOA14iNp8WI=', 'itguru@mail.com', 'ADMIN', 'Mark', 'Zuck', NULL, '1', '2024-10-22 21:02:45', '2024-10-22 21:02:45'),
('19', 'happytraveler', 'nQRw9l7IN/9SVtsFv/alf2bNVJHvJmprBOA14iNp8WI=', 'wanderer@mail.com', 'USER', 'Lucy', 'Walker', NULL, '1', '2024-10-22 21:47:50', '2024-10-22 21:47:50'),
('20', 'mystic', 'nQRw9l7IN/9SVtsFv/alf2bNVJHvJmprBOA14iNp8WI=', 'mystic@mail.com', 'USER', 'Merlin', 'Wizard', NULL, '1', '2024-10-22 22:10:25', '2024-10-22 22:10:25');

INSERT INTO workspaces(id, name) VALUES
(1, 'first'),
(2, 'second'),
(3, 'third'),
(4, 'fourth'),
(5, 'fifth'),
(6, 'sixth'),
(7, 'seventh');

INSERT INTO projects(id, workspace_id, user_id, project_role) VALUES
(1, 1, 2, 'ADMINISTRATOR'),
(2, 2, 3, 'PROJECT_MANAGER'),
(3, 3, 4, 'DEVELOPER'),
(4, 1, 5, 'TESTER'),
(5, 2, 6, 'ANALYST'),
(6, 3, 7, 'BEGINNER'),
(7, 4, 8, 'CLIENT'),
(8, 5, 9, 'PROJECT_MANAGER'),
(9, 6, 10, 'DEVELOPER'),
(10, 7, 11, 'ANALYST'),
(11, 1, 12, 'TESTER'),
(12, 2, 13, 'CLIENT'),
(13, 3, 14, 'DEVELOPER'),
(14, 4, 15, 'ANALYST'),
(15, 5, 16, 'ADMINISTRATOR'),
(16, 6, 17, 'PROJECT_MANAGER'),
(17, 7, 18, 'BEGINNER'),
(18, 1, 19, 'TESTER'),
(19, 2, 20, 'ANALYST'),
(20, 3, 1, 'CLIENT'),
(21, 4, 2, 'DEVELOPER'),
(22, 5, 3, 'PROJECT_MANAGER'),
(23, 6, 4, 'CLIENT'),
(24, 7, 5, 'BEGINNER'),
(25, 1, 6, 'ANALYST'),
(26, 2, 7, 'ADMINISTRATOR'),
(27, 3, 8, 'TESTER'),
(28, 4, 9, 'DEVELOPER'),
(29, 5, 10, 'CLIENT'),
(30, 6, 11, 'PROJECT_MANAGER');

INSERT INTO teams (id, name) VALUES
(1, 'Альфа'),
(2, 'Бета'),
(3, 'Гамма'),
(4, 'Дельта'),
(5, 'Зодиак'),
(6, 'Титан'),
(7, 'Пегас'),
(8, 'Сириус'),
(9, 'Вега'),
(10, 'Орион');

INSERT INTO team_user (team_id, user_id, workspace_id) VALUES
(1, 2, 1),
(2, 3, 2),
(3, 4, 3),
(4, 5, 1),
(5, 6, 2),
(6, 7, 3),
(7, 8, 4),
(8, 9, 5),
(9, 10, 6),
(1, 11, 7),
(2, 12, 1),
(3, 13, 2),
(4, 14, 3),
(5, 15, 4),
(6, 16, 5),
(7, 17, 6),
(8, 18, 7),
(9, 19, 1),
(10, 20, 2),
(10, 1, 3);

INSERT INTO boards (id, name, workspace_id) VALUES
(1, 'Проектная Доска 1', 1),
(2, 'Задачи Разработки', 1),
(3, 'Доска Тестирования', 1),
(4, 'Проектная Доска 2', 2),
(5, 'Аналитика', 2),
(6, 'Маркетинг', 2),
(7, 'Финансы', 3),
(8, 'Продажи', 3),
(9, 'Клиенты', 3),
(10, 'Поддержка', 4),
(11, 'Техподдержка', 4),
(12, 'Учебные Материалы', 4),
(13, 'Дизайн', 5),
(14, 'Реклама', 5),
(15, 'Социальные Сети', 5),
(16, 'Бюджет', 6),
(17, 'Стратегия', 6),
(18, 'Инновации', 6),
(19, 'Обучение', 7),
(20, 'Набор Команды', 7),
(21, 'Операционные Задачи', 7);

INSERT INTO zones (id, board_id, name, task_status) VALUES
(1, 1, 'Зона 1', 'ASSIGNED'),
(2, 1, 'Зона 2', 'IN_PROGRESS'),
(3, 1, 'Зона 3', 'FOR_REVIEW'),
(4, 1, 'Зона 4', 'PENDING'),
(5, 1, 'Зона 5', 'COMPLETED'),

(6, 2, 'Зона 1', 'IN_PROGRESS'),
(7, 2, 'Зона 2', 'RETURNED_FOR_REVISION'),
(8, 2, 'Зона 3', 'PENDING'),
(9, 2, 'Зона 4', 'COMPLETED'),
(10, 2, 'Зона 5', 'CANCELED'),

(11, 3, 'Зона 1', 'ASSIGNED'),
(12, 3, 'Зона 2', 'IN_PROGRESS'),
(13, 3, 'Зона 3', 'PENDING'),
(14, 3, 'Зона 4', 'FOR_REVIEW'),
(15, 3, 'Зона 5', 'CANCELED'),

(16, 4, 'Зона 1', 'FOR_REVIEW'),
(17, 4, 'Зона 2', 'RETURNED_FOR_REVISION'),
(18, 4, 'Зона 3', 'ASSIGNED'),
(19, 4, 'Зона 4', 'IN_PROGRESS'),
(20, 4, 'Зона 5', 'COMPLETED'),

(21, 5, 'Зона 1', 'PENDING'),
(22, 5, 'Зона 2', 'ASSIGNED'),
(23, 5, 'Зона 3', 'CANCELED'),
(24, 5, 'Зона 4', 'IN_PROGRESS'),
(25, 5, 'Зона 5', 'FOR_REVIEW'),

(26, 6, 'Зона 1', 'RETURNED_FOR_REVISION'),
(27, 6, 'Зона 2', 'ASSIGNED'),
(28, 6, 'Зона 3', 'IN_PROGRESS'),
(29, 6, 'Зона 4', 'COMPLETED'),
(30, 6, 'Зона 5', 'CANCELED'),

(31, 7, 'Зона 1', 'FOR_REVIEW'),
(32, 7, 'Зона 2', 'PENDING'),
(33, 7, 'Зона 3', 'ASSIGNED'),
(34, 7, 'Зона 4', 'CANCELED'),
(35, 7, 'Зона 5', 'IN_PROGRESS'),

(36, 8, 'Зона 1', 'ASSIGNED'),
(37, 8, 'Зона 2', 'COMPLETED'),
(38, 8, 'Зона 3', 'RETURNED_FOR_REVISION'),
(39, 8, 'Зона 4', 'PENDING'),
(40, 8, 'Зона 5', 'IN_PROGRESS'),

(41, 9, 'Зона 1', 'CANCELED'),
(42, 9, 'Зона 2', 'FOR_REVIEW'),
(43, 9, 'Зона 3', 'IN_PROGRESS'),
(44, 9, 'Зона 4', 'ASSIGNED'),
(45, 9, 'Зона 5', 'COMPLETED'),

(46, 10, 'Зона 1', 'RETURNED_FOR_REVISION'),
(47, 10, 'Зона 2', 'PENDING'),
(48, 10, 'Зона 3', 'COMPLETED'),
(49, 10, 'Зона 4', 'FOR_REVIEW'),
(50, 10, 'Зона 5', 'ASSIGNED'),

(51, 11, 'Зона 1', 'ASSIGNED'),
(52, 11, 'Зона 2', 'IN_PROGRESS'),
(53, 11, 'Зона 3', 'CANCELED'),
(54, 11, 'Зона 4', 'PENDING'),
(55, 11, 'Зона 5', 'RETURNED_FOR_REVISION'),

(56, 12, 'Зона 1', 'FOR_REVIEW'),
(57, 12, 'Зона 2', 'COMPLETED'),
(58, 12, 'Зона 3', 'IN_PROGRESS'),
(59, 12, 'Зона 4', 'CANCELED'),
(60, 12, 'Зона 5', 'ASSIGNED'),

(61, 13, 'Зона 1', 'RETURNED_FOR_REVISION'),
(62, 13, 'Зона 2', 'ASSIGNED'),
(63, 13, 'Зона 3', 'PENDING'),
(64, 13, 'Зона 4', 'IN_PROGRESS'),
(65, 13, 'Зона 5', 'FOR_REVIEW'),

(66, 14, 'Зона 1', 'ASSIGNED'),
(67, 14, 'Зона 2', 'CANCELED'),
(68, 14, 'Зона 3', 'COMPLETED'),
(69, 14, 'Зона 4', 'RETURNED_FOR_REVISION'),
(70, 14, 'Зона 5', 'IN_PROGRESS'),

(71, 15, 'Зона 1', 'FOR_REVIEW'),
(72, 15, 'Зона 2', 'PENDING'),
(73, 15, 'Зона 3', 'ASSIGNED'),
(74, 15, 'Зона 4', 'COMPLETED'),
(75, 15, 'Зона 5', 'IN_PROGRESS'),

(76, 16, 'Зона 1', 'PENDING'),
(77, 16, 'Зона 2', 'CANCELED'),
(78, 16, 'Зона 3', 'FOR_REVIEW'),
(79, 16, 'Зона 4', 'ASSIGNED'),
(80, 16, 'Зона 5', 'IN_PROGRESS'),

(81, 17, 'Зона 1', 'COMPLETED'),
(82, 17, 'Зона 2', 'RETURNED_FOR_REVISION'),
(83, 17, 'Зона 3', 'ASSIGNED'),
(84, 17, 'Зона 4', 'PENDING'),
(85, 17, 'Зона 5', 'IN_PROGRESS'),

(86, 18, 'Зона 1', 'FOR_REVIEW'),
(87, 18, 'Зона 2', 'ASSIGNED'),
(88, 18, 'Зона 3', 'CANCELED'),
(89, 18, 'Зона 4', 'PENDING'),
(90, 18, 'Зона 5', 'IN_PROGRESS'),

(91, 19, 'Зона 1', 'RETURNED_FOR_REVISION'),
(92, 19, 'Зона 2', 'COMPLETED'),
(93, 19, 'Зона 3', 'ASSIGNED'),
(94, 19, 'Зона 4', 'PENDING'),
(95, 19, 'Зона 5', 'IN_PROGRESS'),

(96, 20, 'Зона 1', 'ASSIGNED'),
(97, 20, 'Зона 2', 'FOR_REVIEW'),
(98, 20, 'Зона 3', 'CANCELED'),
(99, 20, 'Зона 4', 'PENDING'),
(100, 20, 'Зона 5', 'IN_PROGRESS'),

(101, 21, 'Зона 1', 'COMPLETED'),
(102, 21, 'Зона 2', 'RETURNED_FOR_REVISION'),
(103, 21, 'Зона 3', 'FOR_REVIEW'),
(104, 21, 'Зона 4', 'ASSIGNED'),
(105, 21, 'Зона 5', 'PENDING');

INSERT INTO tasks (id, description, severity, created_at, deadline_at, zone_id) VALUES
(1, 'Проанализировать требования', 'MEDIUM', '2024-10-01 10:00:00', '2024-10-15 18:00:00', 1),
(2, 'Разработать план тестирования', 'HIGH', '2024-10-03 09:30:00', '2024-10-20 17:00:00', 2),
(3, 'Настройка окружения', 'LOW', '2024-10-04 12:00:00', '2024-10-25 18:00:00', 3),
(4, 'Исправить ошибки сборки', 'MEDIUM', '2024-10-05 11:00:00', '2024-10-22 18:00:00', 4),
(5, 'Оптимизация производительности', 'HIGH', '2024-10-06 14:00:00', '2024-10-27 18:00:00', 5),

(6, 'Создать интерфейс пользователя', 'LOW', '2024-10-07 09:00:00', '2024-10-30 18:00:00', 6),
(7, 'Проанализировать требования клиента', 'MEDIUM', '2024-10-08 10:30:00', '2024-11-01 17:00:00', 7),
(8, 'Проверка требований', 'HIGH', '2024-10-09 08:45:00', '2024-10-25 17:30:00', 8),
(9, 'Провести анализ рисков', 'LOW', '2024-10-10 13:30:00', '2024-11-02 18:00:00', 9),
(10, 'Разработка архитектуры', 'HIGH', '2024-10-11 15:00:00', '2024-11-05 18:00:00', 10),

(11, 'Тестирование интерфейса', 'MEDIUM', '2024-10-12 09:30:00', '2024-11-03 18:00:00', 11),
(12, 'Создание отчетов по тестам', 'LOW', '2024-10-13 10:00:00', '2024-11-10 18:00:00', 12),
(13, 'Отладка кода', 'HIGH', '2024-10-14 11:45:00', '2024-10-31 18:00:00', 13),
(14, 'Оценка требований безопасности', 'MEDIUM', '2024-10-15 12:30:00', '2024-11-04 17:00:00',14),
(15, 'Консультации с заказчиком', 'LOW', '2024-10-16 14:00:00', '2024-11-07 18:00:00', 15),

(16, 'Планирование релиза', 'HIGH', '2024-10-17 08:00:00', '2024-11-01 17:30:00',16),
(17, 'Обзор кода', 'MEDIUM', '2024-10-18 09:15:00', '2024-11-06 18:00:00', 17),
(18, 'Анализ требований', 'LOW', '2024-10-19 10:30:00', '2024-11-05 17:30:00', 18),
(19, 'Разработка тест-кейсов', 'MEDIUM', '2024-10-20 11:00:00', '2024-11-10 18:00:00', 19),
(20, 'Проведение тестов', 'HIGH', '2024-10-21 12:00:00', '2024-11-03 18:00:00', 20),

(21, 'Настройка CI/CD', 'LOW', '2024-10-22 09:00:00', '2024-11-07 18:00:00', 21),
(22, 'Интеграция с API', 'HIGH', '2024-10-23 14:30:00', '2024-11-09 17:00:00', 22),
(23, 'Поддержка клиента', 'MEDIUM', '2024-10-24 10:00:00', '2024-11-08 18:00:00', 23),
(24, 'Оптимизация ресурсов', 'LOW', '2024-10-25 08:45:00', '2024-11-12 17:00:00', 24),
(25, 'Мониторинг ошибок', 'HIGH', '2024-10-26 13:00:00', '2024-11-11 18:00:00', 25);

INSERT INTO workers (project_id, task_id) VALUES
(1, 1),
(2, 2),
(3, 3),
(4, 4),
(5, 5),
(6, 6),
(7, 7),
(8, 8),
(9, 9),
(10, 10),
(11, 11),
(12, 12),
(13, 13),
(14, 14),
(15, 15),
(16, 16),
(17, 17),
(18, 18),
(19, 19),
(20, 20),
(21, 21),
(22, 22),
(23, 23),
(24, 24),
(25, 25);